{"samples":[0.655409652646,0.805995766496,0.454268985459,0.469575112307,0.250924324234,0.882773696156,0.933179431228,0.694822878037,0.868030830496,0.138563008887,0.815019777988,0.0259747427286,0.708788027641,0.361066141136,0.402378734133,0.371370678093,0.802591267075,0.462977064213,0.914026516673,0.746578325551,0.215572759578,0.653885401482,0.742130238127,0.850921326359,0.192142587851,0.680015024681,0.110616664171,0.274654488221,0.59792593139,0.417098032678,0.219839142562,0.51008561734,0.842497713765,0.248536361948,0.326065702297,0.0476256411855,0.833793020654,0.636092290673,0.159983763101,0.249439408804,0.765595066936,0.495295521163,0.59491731377,0.346246244672,0.0831490956034,0.704836535095,0.830798960844,0.281378182155,0.0398991225938,0.920828965135,0.768507672843,0.366380366512,0.273647937871,0.742321466851,0.656562384327,0.709132233595,0.546711055864,0.328862759299,0.486526426043,0.330543704164,0.102503825318,0.147191720901,0.880895785052,0.83717997435,0.56079201695,0.334017925249,0.39195900888,0.45584880385,0.52796532848,0.778486529971,0.722939989563,0.605945648323,0.672556065555,0.604304998168,0.314999552127,0.267549100298,0.164043169706,0.77802182946,0.402151628579,0.43363897005,0.623794034019,0.392445262346,0.885778850646,0.772409288884,0.528409305743,0.265107596406,0.53863663794,0.440188708691,0.274452944698,0.652497836395,0.827903273405,0.194336663833,0.251848236658,0.724307155787,0.448292053053,0.267009966456,0.401325963793,0.660748653559,0.201634763414,0.750729853556],"weights":[-5.17285110889,-9.63072852189,-3.41452093193,-3.42919833491,-5.27251199807,-14.3533256585,-20.0366167961,-5.98338637723,-13.2018179854,-9.07956722132,-10.0544652748,-22.7961834491,-6.31954042714,-3.74675394171,-3.50704138978,-3.67234899179,-9.47746450684,-3.42056823322,-17.4509504104,-7.38100712009,-6.13193633116,-5.14525651406,-7.24339072167,-12.0400216868,-6.84373374872,-5.65606621746,-10.7556662315,-4.81336040942,-4.3019132104,-3.4580139412,-6.01554835941,-3.55837031188,-11.5249364725,-5.3235612337,-4.07776573135,-17.587232947,-11.0266753419,-4.84211856115,-8.06283032365,-5.30414620136,-8.01268301985,-3.49601960798,-4.26530956837,-3.87172446135,-12.9900032105,-6.22159899261,-10.862660676,-4.69813065289,-19.0915037661,-18.2909302866,-8.11604578066,-3.70712920503,-4.83115014102,-7.24923224812,-5.19389499385,-6.32818029404,-3.7890034185,-4.04663993014,-3.46730953356,-4.02834001353,-11.3413162208,-8.64660869905,-14.1976732545,-11.2166630981,-3.90726008838,-3.99147247426,-3.55303404453,-3.41516550109,-3.65726234646,-8.48463212135,-6.68960337663,-4.40362475754,-5.50186010462,-4.38232252586,-4.20935935702,-4.94202742227,-7.89060140837,-8.46695397561,-3.50794311055,-3.42465472156,-4.65222803328,-3.55067608933,-14.6084076521,-8.25744575461,-3.66004827201,-4.98792772616,-3.72869859875,-3.41768583939,-4.81691108066,-5.12036451011,-10.7074242617,-6.77146086254,-5.25301034238,-6.7270137765,-3.41390333458,-4.95208770088,-3.51125898311,-5.27159913805,-6.53976508327,-7.51279230815],"normConst":-14.9541610426}
