{"samples":[0.55226563233,0.703826300385,0.4916471027,0.167955708974,0.429279541952,0.712786621798,0.457274752871,0.38749008031,0.662050937767,0.449302168552,0.650820286455,0.366491399909,0.320422024628,0.2862710964,0.33490262602,0.493357924954,0.403373989861,0.331486583057,0.545628122576,0.587070772688,0.62899453454,0.431571627155,0.212822875268,0.654225044931,0.694164036576,0.403733682104,0.674724259048,0.308071148948,0.543955752335,0.60733783765,0.382187352185,0.418535084923,0.809891741726,0.419097534035,0.0859921780795,0.40068519833,0.30868765227,0.666888816906,0.210136623259,0.527384813007,0.404093991428,0.534316876641,0.466418727154,0.433676015782,0.823351415522,0.426458193523,0.360640190694,0.254253514018,0.489379603332,0.480987409468,0.165137892397,0.411467986403,0.72089218827,0.932651725902,0.237892376057,0.136469902972,0.497623312754,0.859587117224,0.227345572484,0.661734757964,0.491252913567,0.526636135225,0.433048334277,0.513172622012,0.32847713499,0.210384521355,0.973260039433,0.508932720329,0.90825930772,0.533335259714,0.72299498347,0.647615697971,0.603052240272,0.561853521514,0.438355507182,0.813155084342,0.877722227511,0.508980932409,0.733987919694,0.368103493137,0.514384637088,0.422366038288,0.688380751705,0.0977407889433,0.655510025997,0.366258498676,0.666255923333,0.358892403372,0.383624829128,0.684257079072,0.148074833036,0.310772988736,0.488652701518,0.57337937307,0.618403517813,0.385798852348,0.177930889055,0.559944055968,0.512775331178,0.350300383719],"weights":[-4.32809240772,-6.69136464683,-3.97777070306,-8.22451096401,-3.92568650114,-6.91543758376,-3.91036114942,-4.0701273861,-5.79062667259,-3.90824651804,-5.58500021625,-4.2007713168,-4.63761376782,-5.11256764442,-4.47672972869,-3.98358915473,-3.99758367628,-4.51264899364,-4.27504156236,-4.6682093561,-5.22506830018,-3.92202627976,-6.70342776078,-5.64582397494,-6.46264367478,-3.99619552023,-6.04041340408,-4.79326483656,-4.26225676007,-4.91634364493,-4.09931991327,-3.94865266773,-10.3049202721,-3.94721153482,-13.2160186657,-4.00831438767,-4.78507757153,-5.88370658604,-6.78027510268,-4.14808535493,-3.99481615783,-4.19309504957,-3.91907668376,-3.9190468411,-10.9643222513,-3.93078794408,-4.24448815225,-5.69732661611,-3.97041892962,-3.94677673506,-8.33959633993,-3.96903060383,-7.12857036608,-20.4496194777,-6.05722518526,-9.68430298237,-3.9991133034,-13.1020268493,-6.3141644489,-5.78463927055,-3.97646318927,-4.14345937114,-3.91989741067,-4.06803998782,-4.54532233695,-6.77311694828,-30.2269443612,-4.04732110841,-17.2881604852,-4.18648197188,-7.18554381276,-5.52893316955,-4.860670173,-4.41129945918,-3.91372415022,-10.459191129,-14.435336494,-4.0475485759,-7.49516406474,-4.18929709084,-4.07422874477,-3.93936097567,-6.33187428701,-12.2057650942,-5.66911890279,-4.20244927101,-5.87137227105,-4.25818215743,-4.09115649704,-6.24134114947,-9.09861057432,-4.75771413425,-3.96814896104,-4.52178120146,-5.06828454134,-4.07916377068,-7.83793009464,-4.39410372813,-4.06603712045,-4.32982551371],"normConst":-14.4597196214}
